,Fleets,Production + Eol,Chargers,Use Phase,
0,Diesel Technology,2.906924014,0,30.39737638,33.30430039
1,ASSURED Technology,2.625135498,0.162298503,16.06063571,18.84806971
