,Fleets,Production + Eol,Chargers,Use Phase,
0,Diesel Technology,0.013960674,0,0.262617282,0.276577956
1,ASSURED Technology,0.01382138,0.000914908,0.073432997,0.088169284
