,Fleets,Production + Eol,Chargers,Use Phase
0,Diesel Technology,0.008461778919381146,0.0,0.07998022374997985
1,ASSURED Technology,0.009318073270055726,0.0006953170203494014,0.042697357780168074
