,Fleets,Production + Eol,Chargers,Use Phase
0,Diesel Technology,0.007789329377621815,0.0,0.07037286525986565
1,ASSURED Technology,0.010127205682861684,0.0007556946887831029,0.04464663061858608
