,Fleets,Production + Eol,Chargers,Use Phase
0,Diesel Technology,0.015167162129888586,0.0,0.29948083860424457
1,ASSURED Technology,0.012717094736929556,0.0008418093669000197,0.06978763586935519
