,Fleets,Production + Eol,Chargers,Use Phase,
0,Diesel Technology,0.015167162,0,0.299480839,0.314648001
1,ASSURED Technology,0.012717095,0.000841809,0.069787636,0.08334654
