,Fleets,Production + Eol,Chargers,Use Phase,
0,Diesel Technology,0.008461779,0,0.079980224,0.088442003
1,ASSURED Technology,0.009318073,0.000695317,0.042697358,0.052710748
