,Fleets,Production + Eol,Chargers,Use Phase
0,Diesel Technology,2.6747845238333423,0.0,26.399600464853254
1,ASSURED Technology,2.853088439903143,0.17639165036888751,17.05464738192352
