,Fleets,Production + Eol,Chargers,Use Phase
0,Diesel Technology,0.0027119008524097,0.0,0.025888237825486913
1,ASSURED Technology,0.005001102825746734,0.0004425629088938501,0.003861934026636385
