,Fleets,Production + Eol,Chargers,Use Phase,
0,Diesel Technology,0.004863148,0,0.098606051,0.103469199
1,ASSURED Technology,0.006834097,0.000532514,0.006602385,0.013968995
