,Fleets,Production + Eol,Chargers,Use Phase
0,Diesel Technology,0.9338107561506528,0.0,10.772006578285378
1,ASSURED Technology,1.412890186725346,0.10310883893288891,1.4345416665115416
