,Fleets,Production + Eol,Chargers,Use Phase,
0,Diesel Technology,0.002711901,0,0.025888238,0.028600139
1,ASSURED Technology,0.005001103,0.000442563,0.003861934,0.0093056
