,Fleets,Production + Eol,Chargers,Use Phase
0,Diesel Technology,0.004863147820265954,0.0,0.09860605091282573
1,ASSURED Technology,0.006834096570956673,0.0005325139774802635,0.006602384789078899
