,Fleets,Production + Eol,Chargers,Use Phase,
0,Diesel Technology,0.933810756,0,10.77200658,11.70581733
1,ASSURED Technology,1.412890187,0.103108839,1.434541667,2.950540692
