,Fleets,Production + Eol,Chargers,Use Phase
0,Diesel Technology,0.0037105037240837153,0.0,0.07485010999050057
1,ASSURED Technology,0.0031111177540533845,0.0006868610661245889,0.015567218803636625
