,Fleets,Production + Eol,Chargers,Use Phase,
0,Diesel Technology,0.002070095,0,0.019977251,0.022047346
1,ASSURED Technology,0.002279579,0.000564423,0.007223206,0.010067208
