,Fleets,Production + Eol,Chargers,Use Phase,
0,Diesel Technology,0.71115165,0,7.591968556,8.303120206
1,ASSURED Technology,0.642214737,0.131952933,8.360687444,9.134855114
