,Fleets,Production + Eol,Chargers,Use Phase,
0,Diesel Technology,0.003710504,0,0.07485011,0.078560614
1,ASSURED Technology,0.003111118,0.000686861,0.015567219,0.019365198
