,Fleets,Production + Eol,Chargers,Use Phase
0,Diesel Technology,0.7111516504321638,0.0,7.59196855566156
1,ASSURED Technology,0.6422147371030403,0.1319529327729848,8.360687444089974
