,Fleets,Production + Eol,Chargers,Use Phase
0,Diesel Technology,0.0020700947167212394,0.0,0.01997725089418473
1,ASSURED Technology,0.0022795790849821067,0.0005644226643317125,0.007223206065065696
